[
	{
			"Marca": "Fiat",
			"Nome": "Strada",
			"Valor": "R$ 103.990",
			"Unidades Vendidas": 120600
	},
	{
			"Marca": "Volkswagen",
			"Nome": "Polo",
			"Valor": "R$ 84.690",
			"Unidades Vendidas": 111242
	},
	{
			"Marca": "Chevrolet",
			"Nome": "Onix",
			"Valor": "R$ 82.490",
			"Unidades Vendidas": 102043
	},
	{
			"Marca": "Hyundai",
			"Nome": "HB20",
			"Valor": "R$ 74.290",
			"Unidades Vendidas": 88905
	},
	{
			"Marca": "Chevrolet",
			"Nome": "Onix Plus",
			"Valor": "R$ 99.490",
			"Unidades Vendidas": 74887
	},
	{
			"Marca": "Fiat",
			"Nome": "Mobi",
			"Valor": "R$ 66.990",
			"Unidades Vendidas": 73428
	},
	{
			"Marca": "Volkswagen",
			"Nome": "T-Cross",
			"Valor": "R$ 114.850",
			"Unidades Vendidas": 72441
	},
	{
			"Marca": "Fiat",
			"Nome": "Argo",
			"Valor": "R$ 79.790",
			"Unidades Vendidas": 66717
	},
	{
			"Marca": "Chevrolet",
			"Nome": "Tracker",
			"Valor": "R$ 119.900",
			"Unidades Vendidas": 66643
	},
	{
			"Marca": "Hyundai",
			"Nome": "Creta",
			"Valor": "R$ 140.090",
			"Unidades Vendidas": 65817
	}
]

