{
  "modalidades": [
    {
      "nome": "Atletismo",
      "data": "2024-08-03",
      "horario": "09:00",
      "grade_de_jogos": [
        {
          "evento": "Corrida 100m Masculino",
          "hora": "09:00"
        },
        {
          "evento": "Salto em Distância Feminino",
          "hora": "10:30"
        }
      ]
    },
    {
      "nome": "Natação",
      "data": "2024-08-04",
      "horario": "10:00",
      "grade_de_jogos": [
        {
          "evento": "100m Livre Masculino",
          "hora": "10:00"
        },
        {
          "evento": "200m Medley Feminino",
          "hora": "11:30"
        }
      ]
    },
    {
      "nome": "Basquetebol",
      "data": "2024-08-05",
      "horario": "14:00",
      "grade_de_jogos": [
        {
          "evento": "EUA vs. Espanha (Masculino)",
          "hora": "14:00"
        },
        {
          "evento": "Brasil vs. Austrália (Feminino)",
          "hora": "16:00"
        }
      ]
    },
    {
      "nome": "Voleibol de Praia",
      "data": "2024-08-06",
      "horario": "11:00",
      "grade_de_jogos": [
        {
          "evento": "Brasil vs. Itália (Masculino)",
          "hora": "11:00"
        },
        {
          "evento": "EUA vs. China (Feminino)",
          "hora": "13:00"
        }
      ]
    },
    {
      "nome": "Ginástica Artística",
      "data": "2024-08-07",
      "horario": "09:30",
      "grade_de_jogos": [
        {
          "evento": "Final Individual Masculino",
          "hora": "09:30"
        },
        {
          "evento": "Final de Equipes Feminino",
          "hora": "14:00"
        }
      ]
    },
    {
      "nome": "Ciclismo - Estrada",
      "data": "2024-08-08",
      "horario": "08:00",
      "grade_de_jogos": [
        {
          "evento": "Prova de Estrada Masculino",
          "hora": "08:00"
        },
        {
          "evento": "Prova de Estrada Feminino",
          "hora": "09:30"
        }
      ]
    },
    {
      "nome": "Judô",
      "data": "2024-08-09",
      "horario": "10:00",
      "grade_de_jogos": [
        {
          "evento": "Categoria -60kg Masculino",
          "hora": "10:00"
        },
        {
          "evento": "Categoria -48kg Feminino",
          "hora": "11:30"
        }
      ]
    },
    {
      "nome": "Tênis de Mesa",
      "data": "2024-08-10",
      "horario": "13:00",
      "grade_de_jogos": [
        {
          "evento": "Final Individual Masculino",
          "hora": "13:00"
        },
        {
          "evento": "Final Individual Feminino",
          "hora": "15:00"
        }
      ]
    },
    {
      "nome": "Hóquei sobre Grama",
      "data": "2024-08-11",
      "horario": "16:00",
      "grade_de_jogos": [
        {
          "evento": "Índia vs. Holanda (Masculino)",
          "hora": "16:00"
        },
        {
          "evento": "Argentina vs. Alemanha (Feminino)",
          "hora": "18:00"
        }
      ]
    },
    {
      "nome": "Esgrima",
      "data": "2024-08-12",
      "horario": "09:00",
      "grade_de_jogos": [
        {
          "evento": "Espada Individual Masculino",
          "hora": "09:00"
        },
        {
          "evento": "Sabre Individual Feminino",
          "hora": "10:30"
        }
      ]
    }
  ]
}