{
  "titulo": "Profissões em Alta de 2024",
  "profissoes": [
    {
      "id": "1",
      "profissao": "Analista de privacidade",
      "salario": "R$ 5.145"
    },
    {
      "id": "2",
      "profissao": "Analista de cibersegurança",
      "salario": "R$ 17.373"
    },
    {
      "id": "3",
      "profissao": "Executivo de vendas",
      "salario": "R$ 8.225"
    },
    {
      "id": "4",
      "profissao": "Representante de desenvolvimento de negócios (BDR)",
      "salario": "R$ 36.694"
    },
    {
      "id": "5",
      "profissao": "Gerente de contas estratégicas",
      "salario": "R$ 35.500"
    },
    {
      "id": "6",
      "profissao": "Diretor(a) de receita",
      "salario": "R$ 34.691"
    },
    {
      "id": "7",
      "profissao": "Engenheiro de segurança de processo",
      "salario": "R$ 9.496,00"
    },
    {
      "id": "8",
      "profissao": "Assessor(a) de investimento",
      "salario": "R$ 5.000"
    },
    {
      "id": "9",
      "profissao": "Analista de dados",
      "salario": "R$ 5.175"
    },
    {
      "id": "10",
      "profissao": "Gerente de tráfego",
      "salario": "R$ 13.337"
    }
  ]
}